<?xml version="1.0" encoding="utf-8"?>
<?xml-stylesheet type='text/xsl' href='ConversionLogFile.xsl'?>
<LogFile projectName="LIBelt_V1_1_4" typeText="Type" messageText="Message" timeText="Time">
  <MessageCell ServiceId="80" MessageId="30" MessageClass="Information" Timestamp="3/30/2021 3:57:45 PM">
    <Number ServiceNumber="80" MessageNumber="30" />
    <Text FeedbackText="Upgrade started" />
    <Help HelpId="-1" />
  </MessageCell>
  <Details ServiceId="80" MessageId="30" Timestamp="3/30/2021 3:57:47 PM" Debug="false">
    <Text>Reorganization succeed!</Text>
  </Details>
  <MessageCell ServiceId="80" MessageId="30" MessageClass="Information" Timestamp="3/30/2021 3:57:47 PM">
    <Number ServiceNumber="80" MessageNumber="30" />
    <Text FeedbackText="CheckRepair lost+found objects" />
    <Help HelpId="-1" />
  </MessageCell>
  <Details ServiceId="80" MessageId="30" Timestamp="3/30/2021 3:57:47 PM" Debug="false">
    <Text>No error is detected.</Text>
  </Details>
  <MessageCell ServiceId="80" MessageId="30" MessageClass="Information" Timestamp="3/30/2021 3:57:47 PM">
    <Number ServiceNumber="80" MessageNumber="30" />
    <Text FeedbackText="CheckRepair missing bidirectional links" />
    <Help HelpId="-1" />
  </MessageCell>
  <Details ServiceId="80" MessageId="30" Timestamp="3/30/2021 3:57:47 PM" Debug="false">
    <Text>No error is detected.</Text>
  </Details>
  <MessageCell ServiceId="80" MessageId="30" MessageClass="Information" Timestamp="3/30/2021 3:57:48 PM">
    <Number ServiceNumber="80" MessageNumber="30" />
    <Text FeedbackText="CheckRepair clear segment flags" />
    <Help HelpId="-1" />
  </MessageCell>
  <Details ServiceId="80" MessageId="30" Timestamp="3/30/2021 3:57:48 PM" Debug="false">
    <Text>No error is detected.</Text>
  </Details>
  <Details ServiceId="80" MessageId="30" Timestamp="3/30/2021 3:57:58 PM" Debug="false">
    <Text>Not invalidating fingerprints for library object: LIBelt_typeBeltManDynamics[UDT29]</Text>
  </Details>
  <Details ServiceId="80" MessageId="30" Timestamp="3/30/2021 3:57:58 PM" Debug="false">
    <Text>Not invalidating fingerprints for library object: LIBelt_typeBeltParameters[UDT28]</Text>
  </Details>
  <Details ServiceId="80" MessageId="30" Timestamp="3/30/2021 3:57:58 PM" Debug="false">
    <Text>Not invalidating fingerprints for library object: LIBelt_typeDataExchange[UDT24]</Text>
  </Details>
  <Details ServiceId="80" MessageId="30" Timestamp="3/30/2021 3:57:58 PM" Debug="false">
    <Text>Not invalidating fingerprints for library object: LIBelt_typeDiagnostics[UDT17]</Text>
  </Details>
  <Details ServiceId="80" MessageId="30" Timestamp="3/30/2021 3:57:58 PM" Debug="false">
    <Text>Not invalidating fingerprints for library object: LIBelt_typeDynamics[UDT20]</Text>
  </Details>
  <Details ServiceId="80" MessageId="30" Timestamp="3/30/2021 3:57:58 PM" Debug="false">
    <Text>Not invalidating fingerprints for library object: LIBelt_typeManagerDynamics[UDT18]</Text>
  </Details>
  <Details ServiceId="80" MessageId="30" Timestamp="3/30/2021 3:57:59 PM" Debug="false">
    <Text>Not invalidating fingerprints for library object: LIBelt_typeManagerParameters[UDT19]</Text>
  </Details>
  <Details ServiceId="80" MessageId="30" Timestamp="3/30/2021 3:57:59 PM" Debug="false">
    <Text>Not invalidating fingerprints for library object: LIBelt_typePattern[UDT23]</Text>
  </Details>
  <Details ServiceId="80" MessageId="30" Timestamp="3/30/2021 3:57:59 PM" Debug="false">
    <Text>Not invalidating fingerprints for library object: LIBelt_typePatternStationParameters[UDT25]</Text>
  </Details>
  <Details ServiceId="80" MessageId="30" Timestamp="3/30/2021 3:57:59 PM" Debug="false">
    <Text>Not invalidating fingerprints for library object: LIBelt_typePocket[UDT22]</Text>
  </Details>
  <Details ServiceId="80" MessageId="30" Timestamp="3/30/2021 3:57:59 PM" Debug="false">
    <Text>Not invalidating fingerprints for library object: LIBelt_typeSeqStationParameters[UDT27]</Text>
  </Details>
  <Details ServiceId="80" MessageId="30" Timestamp="3/30/2021 3:57:59 PM" Debug="false">
    <Text>Not invalidating fingerprints for library object: LIBelt_typeStationAutoDynamics[UDT26]</Text>
  </Details>
  <Details ServiceId="80" MessageId="30" Timestamp="3/30/2021 3:57:59 PM" Debug="false">
    <Text>Not invalidating fingerprints for library object: LIBelt_DataExchange[DB30700]</Text>
  </Details>
  <Details ServiceId="80" MessageId="30" Timestamp="3/30/2021 3:57:59 PM" Debug="false">
    <Text>Not invalidating fingerprints for library object: LIBelt_Manager[FB30700]</Text>
  </Details>
  <Details ServiceId="80" MessageId="30" Timestamp="3/30/2021 3:58:00 PM" Debug="false">
    <Text>Not invalidating fingerprints for library object: LIBelt_PatternStation[FB30703]</Text>
  </Details>
  <Details ServiceId="80" MessageId="30" Timestamp="3/30/2021 3:58:00 PM" Debug="false">
    <Text>Not invalidating fingerprints for library object: LIBelt_SequentialStation[FB30702]</Text>
  </Details>
  <Details ServiceId="80" MessageId="30" Timestamp="3/30/2021 3:58:00 PM" Debug="false">
    <Text>Not invalidating fingerprints for library object: LIBelt_SingleBelt[FB30701]</Text>
  </Details>
  <Details ServiceId="80" MessageId="30" Timestamp="3/30/2021 3:58:00 PM" Debug="false">
    <Text>Not invalidating fingerprints for library object: LIBelt_VelocitySection[FB30704]</Text>
  </Details>
  <Details ServiceId="80" MessageId="30" Timestamp="3/30/2021 3:58:00 PM" Debug="false">
    <Text>Not invalidating fingerprints for library object: LIBelt_CallLAxisCtrlFB[FC30700]</Text>
  </Details>
  <Details ServiceId="80" MessageId="30" Timestamp="3/30/2021 3:58:00 PM" Debug="false">
    <Text>Not invalidating fingerprints for library object: LIBelt_CheckPositionsValid[FC30701]</Text>
  </Details>
  <Details ServiceId="80" MessageId="30" Timestamp="3/30/2021 3:58:00 PM" Debug="false">
    <Text>Not invalidating fingerprints for library object: LIBelt_ConsiderModulo[FC30702]</Text>
  </Details>
  <Details ServiceId="80" MessageId="30" Timestamp="3/30/2021 3:58:00 PM" Debug="false">
    <Text>Not invalidating fingerprints for library object: LIBelt_GetAxesHomedState[FC30703]</Text>
  </Details>
  <Details ServiceId="80" MessageId="30" Timestamp="3/30/2021 3:58:00 PM" Debug="false">
    <Text>Not invalidating fingerprints for library object: LIBelt_GetAxisData[FC30704]</Text>
  </Details>
  <Details ServiceId="80" MessageId="30" Timestamp="3/30/2021 3:58:00 PM" Debug="false">
    <Text>Not invalidating fingerprints for library object: LIBelt_GetAxisSetPointValues[FC30705]</Text>
  </Details>
  <Details ServiceId="80" MessageId="30" Timestamp="3/30/2021 3:58:00 PM" Debug="false">
    <Text>Not invalidating fingerprints for library object: LIBelt_GetAxisStatusWord[FC30706]</Text>
  </Details>
  <Details ServiceId="80" MessageId="30" Timestamp="3/30/2021 3:58:00 PM" Debug="false">
    <Text>Not invalidating fingerprints for library object: LIBelt_GetBeltsState[FC30707]</Text>
  </Details>
  <Details ServiceId="80" MessageId="30" Timestamp="3/30/2021 3:58:00 PM" Debug="false">
    <Text>Not invalidating fingerprints for library object: LIBelt_PosInRange[FC30708]</Text>
  </Details>
  <Details ServiceId="80" MessageId="30" Timestamp="3/30/2021 3:58:00 PM" Debug="false">
    <Text>Not invalidating fingerprints for library object: LIBelt_ErrorIDs</Text>
  </Details>
  <Details ServiceId="80" MessageId="30" Timestamp="3/30/2021 3:58:00 PM" Debug="false">
    <Text>Not invalidating fingerprints for library object: LIBelt_Tags</Text>
  </Details>
  <Details ServiceId="80" MessageId="30" Timestamp="3/30/2021 3:58:00 PM" Debug="false">
    <Text>Not invalidating fingerprints for library object: Default tag table</Text>
  </Details>
  <Details ServiceId="80" MessageId="30" Timestamp="3/30/2021 3:58:00 PM" Debug="false">
    <Text>Not invalidating fingerprints for library object: Default tag table</Text>
  </Details>
  <Details ServiceId="80" MessageId="30" Timestamp="3/30/2021 3:58:00 PM" Debug="false">
    <Text>Not invalidating fingerprints for library object: Default tag table</Text>
  </Details>
  <Details ServiceId="80" MessageId="30" Timestamp="3/30/2021 3:58:00 PM" Debug="false">
    <Text>Not invalidating fingerprints for library object: Default tag table</Text>
  </Details>
  <Details ServiceId="80" MessageId="30" Timestamp="3/30/2021 3:58:00 PM" Debug="false">
    <Text>Not invalidating fingerprints for library object: Default tag table</Text>
  </Details>
  <Details ServiceId="80" MessageId="30" Timestamp="3/30/2021 3:58:00 PM" Debug="false">
    <Text>Not invalidating fingerprints for library object: Default tag table</Text>
  </Details>
  <Details ServiceId="80" MessageId="30" Timestamp="3/30/2021 3:58:00 PM" Debug="false">
    <Text>Not invalidating fingerprints for library object: Default tag table</Text>
  </Details>
  <Details ServiceId="80" MessageId="30" Timestamp="3/30/2021 3:58:00 PM" Debug="false">
    <Text>Not invalidating fingerprints for library object: Default tag table</Text>
  </Details>
  <Details ServiceId="80" MessageId="30" Timestamp="3/30/2021 3:58:00 PM" Debug="false">
    <Text>Not invalidating fingerprints for library object: Default tag table</Text>
  </Details>
  <Details ServiceId="80" MessageId="30" Timestamp="3/30/2021 3:58:00 PM" Debug="false">
    <Text>Not invalidating fingerprints for library object: Default tag table</Text>
  </Details>
  <Details ServiceId="80" MessageId="30" Timestamp="3/30/2021 3:58:00 PM" Debug="false">
    <Text>Not invalidating fingerprints for library object: Default tag table</Text>
  </Details>
  <Details ServiceId="80" MessageId="30" Timestamp="3/30/2021 3:58:00 PM" Debug="false">
    <Text>Not invalidating fingerprints for library object: Default tag table</Text>
  </Details>
  <Details ServiceId="80" MessageId="30" Timestamp="3/30/2021 3:58:00 PM" Debug="false">
    <Text>Not invalidating fingerprints for library object: Default tag table</Text>
  </Details>
  <Details ServiceId="80" MessageId="30" Timestamp="3/30/2021 3:58:00 PM" Debug="false">
    <Text>Not invalidating fingerprints for library object: Default tag table</Text>
  </Details>
  <Details ServiceId="80" MessageId="30" Timestamp="3/30/2021 3:58:00 PM" Debug="false">
    <Text>Not invalidating fingerprints for library object: Default tag table</Text>
  </Details>
  <Details ServiceId="80" MessageId="30" Timestamp="3/30/2021 3:58:00 PM" Debug="false">
    <Text>Not invalidating fingerprints for library object: Default tag table</Text>
  </Details>
  <Details ServiceId="80" MessageId="30" Timestamp="3/30/2021 3:58:00 PM" Debug="false">
    <Text>Not invalidating fingerprints for library object: Default tag table</Text>
  </Details>
  <Details ServiceId="80" MessageId="30" Timestamp="3/30/2021 3:58:00 PM" Debug="false">
    <Text>Not invalidating fingerprints for library object: Default tag table</Text>
  </Details>
  <Details ServiceId="80" MessageId="30" Timestamp="3/30/2021 3:58:00 PM" Debug="false">
    <Text>Not invalidating fingerprints for library object: Default tag table</Text>
  </Details>
  <Details ServiceId="80" MessageId="30" Timestamp="3/30/2021 3:58:00 PM" Debug="false">
    <Text>Not invalidating fingerprints for library object: Default tag table</Text>
  </Details>
  <Details ServiceId="80" MessageId="30" Timestamp="3/30/2021 3:58:00 PM" Debug="false">
    <Text>Not invalidating fingerprints for library object: Default tag table</Text>
  </Details>
  <Details ServiceId="80" MessageId="30" Timestamp="3/30/2021 3:58:00 PM" Debug="false">
    <Text>Not invalidating fingerprints for library object: Default tag table</Text>
  </Details>
  <Details ServiceId="80" MessageId="30" Timestamp="3/30/2021 3:58:00 PM" Debug="false">
    <Text>Not invalidating fingerprints for library object: Default tag table</Text>
  </Details>
  <Details ServiceId="80" MessageId="30" Timestamp="3/30/2021 3:58:00 PM" Debug="false">
    <Text>Not invalidating fingerprints for library object: Default tag table</Text>
  </Details>
  <Details ServiceId="80" MessageId="30" Timestamp="3/30/2021 3:58:00 PM" Debug="false">
    <Text>Not invalidating fingerprints for library object: Default tag table</Text>
  </Details>
  <Details ServiceId="80" MessageId="30" Timestamp="3/30/2021 3:58:00 PM" Debug="false">
    <Text>Not invalidating fingerprints for library object: Default tag table</Text>
  </Details>
  <Details ServiceId="80" MessageId="30" Timestamp="3/30/2021 3:58:00 PM" Debug="false">
    <Text>Not invalidating fingerprints for library object: Default tag table</Text>
  </Details>
  <MessageCell ServiceId="80" MessageId="30" MessageClass="Information" Timestamp="3/30/2021 3:58:10 PM">
    <Number ServiceNumber="80" MessageNumber="30" />
    <Text FeedbackText="The cross-reference information is being converted." />
    <Help HelpId="-1" />
  </MessageCell>
  <MessageCell ServiceId="80" MessageId="30" MessageClass="Information" Timestamp="3/30/2021 3:58:10 PM">
    <Number ServiceNumber="80" MessageNumber="30" />
    <Text FeedbackText="The cross-reference information was created successfully." />
    <Help HelpId="-1" />
  </MessageCell>
  <MessageCell ServiceId="80" MessageId="30" MessageClass="Information" Timestamp="3/30/2021 3:58:11 PM">
    <Number ServiceNumber="80" MessageNumber="30" />
    <Text FeedbackText="Conversion of the cross-reference information is finished." />
    <Help HelpId="-1" />
  </MessageCell>
  <Details ServiceId="80" MessageId="30" Timestamp="3/30/2021 3:58:11 PM" Debug="false">
    <Text>Package container 'Siemens.Simatic.Lang.S7PSW.V14.0.0.0.NonMandatory' was deleted</Text>
  </Details>
  <Details ServiceId="80" MessageId="30" Timestamp="3/30/2021 3:58:11 PM" Debug="false">
    <Text>Product version 'Siemens.Simatic.STEP7.Professional:14.00.00.00' was deleted</Text>
  </Details>
  <Details ServiceId="80" MessageId="30" Timestamp="3/30/2021 3:58:11 PM" Debug="false">
    <Text>Product version 'Siemens.Simatic.Portal:14.00.01.00' was deleted</Text>
  </Details>
  <MessageCell ServiceId="Automation-ObjectFrame-Feedbacks" MessageId="ConversionInfoTabLibrarySucceeded" MessageClass="Success" Timestamp="3/30/2021 3:58:13 PM">
    <Number ServiceNumber="80" MessageNumber="32" />
    <Text FeedbackText="Library 'C:\UserData\z003wkzf\OneDrive - Siemens AG\Documents\Automation Designer\Intelligent Belt\3_TIA-Portal\LIBelt_V1_1_4\System\PEData.plf' was successfully upgraded and saved as library 'C:\UserData\z003wkzf\OneDrive - Siemens AG\Documents\Automation Designer\Intelligent Belt\3_TIA-Portal\LIBelt_V1_1_4_V16\System\PEData.plf'." />
    <Help HelpId="-1" HelpFile="" />
  </MessageCell>
  <MessageCell ServiceId="80" MessageId="30" MessageClass="Information" Timestamp="3/30/2021 3:58:13 PM">
    <Number ServiceNumber="80" MessageNumber="30" />
    <Text FeedbackText="FinalCheckRemainingErrors" />
    <Help HelpId="-1" />
  </MessageCell>
  <Details ServiceId="80" MessageId="30" Timestamp="3/30/2021 3:58:13 PM" Debug="false">
    <Text>No error is detected.</Text>
  </Details>
</LogFile>