<?xml version="1.0" encoding="utf-8"?>
<?xml-stylesheet type='text/xsl' href='ConversionLogFile.xsl'?>
<LogFile projectName="LIBelt_V1_1_4_V17" typeText="Typ" messageText="Meldung" timeText="Zeit">
  <MessageCell ServiceId="80" MessageId="30" MessageClass="Information" Timestamp="26.08.2021 08:42:58">
    <Number ServiceNumber="80" MessageNumber="30" />
    <Text FeedbackText="Hochrüsten gestartet" />
    <Help HelpId="-1" />
  </MessageCell>
  <Details ServiceId="80" MessageId="30" Timestamp="26.08.2021 08:42:59" Debug="false">
    <Text>Reorganization succeed!</Text>
  </Details>
  <MessageCell ServiceId="80" MessageId="30" MessageClass="Information" Timestamp="26.08.2021 08:42:59">
    <Number ServiceNumber="80" MessageNumber="30" />
    <Text FeedbackText="CheckRepair lost+found objects" />
    <Help HelpId="-1" />
  </MessageCell>
  <Details ServiceId="80" MessageId="30" Timestamp="26.08.2021 08:42:59" Debug="false">
    <Text>No error is detected.</Text>
  </Details>
  <MessageCell ServiceId="80" MessageId="30" MessageClass="Information" Timestamp="26.08.2021 08:43:00">
    <Number ServiceNumber="80" MessageNumber="30" />
    <Text FeedbackText="CheckRepair missing bidirectional links" />
    <Help HelpId="-1" />
  </MessageCell>
  <Details ServiceId="80" MessageId="30" Timestamp="26.08.2021 08:43:00" Debug="false">
    <Text>No error is detected.</Text>
  </Details>
  <MessageCell ServiceId="80" MessageId="30" MessageClass="Information" Timestamp="26.08.2021 08:43:00">
    <Number ServiceNumber="80" MessageNumber="30" />
    <Text FeedbackText="CheckRepair clear segment flags" />
    <Help HelpId="-1" />
  </MessageCell>
  <Details ServiceId="80" MessageId="30" Timestamp="26.08.2021 08:43:00" Debug="false">
    <Text>No error is detected.</Text>
  </Details>
  <Details ServiceId="80" MessageId="30" Timestamp="26.08.2021 08:43:17" Debug="false">
    <Text>Not invalidating fingerprints for library object: LIBelt_typeBeltManDynamics[UDT29]</Text>
  </Details>
  <Details ServiceId="80" MessageId="30" Timestamp="26.08.2021 08:43:17" Debug="false">
    <Text>Not invalidating fingerprints for library object: LIBelt_typeBeltParameters[UDT28]</Text>
  </Details>
  <Details ServiceId="80" MessageId="30" Timestamp="26.08.2021 08:43:17" Debug="false">
    <Text>Not invalidating fingerprints for library object: LIBelt_typeDataExchange[UDT24]</Text>
  </Details>
  <Details ServiceId="80" MessageId="30" Timestamp="26.08.2021 08:43:17" Debug="false">
    <Text>Not invalidating fingerprints for library object: LIBelt_typeDiagnostics[UDT17]</Text>
  </Details>
  <Details ServiceId="80" MessageId="30" Timestamp="26.08.2021 08:43:17" Debug="false">
    <Text>Not invalidating fingerprints for library object: LIBelt_typeDynamics[UDT20]</Text>
  </Details>
  <Details ServiceId="80" MessageId="30" Timestamp="26.08.2021 08:43:17" Debug="false">
    <Text>Not invalidating fingerprints for library object: LIBelt_typeManagerDynamics[UDT18]</Text>
  </Details>
  <Details ServiceId="80" MessageId="30" Timestamp="26.08.2021 08:43:17" Debug="false">
    <Text>Not invalidating fingerprints for library object: LIBelt_typeManagerParameters[UDT19]</Text>
  </Details>
  <Details ServiceId="80" MessageId="30" Timestamp="26.08.2021 08:43:17" Debug="false">
    <Text>Not invalidating fingerprints for library object: LIBelt_typePattern[UDT23]</Text>
  </Details>
  <Details ServiceId="80" MessageId="30" Timestamp="26.08.2021 08:43:17" Debug="false">
    <Text>Not invalidating fingerprints for library object: LIBelt_typePatternStationParameters[UDT25]</Text>
  </Details>
  <Details ServiceId="80" MessageId="30" Timestamp="26.08.2021 08:43:17" Debug="false">
    <Text>Not invalidating fingerprints for library object: LIBelt_typePocket[UDT22]</Text>
  </Details>
  <Details ServiceId="80" MessageId="30" Timestamp="26.08.2021 08:43:18" Debug="false">
    <Text>Not invalidating fingerprints for library object: LIBelt_typeSeqStationParameters[UDT27]</Text>
  </Details>
  <Details ServiceId="80" MessageId="30" Timestamp="26.08.2021 08:43:18" Debug="false">
    <Text>Not invalidating fingerprints for library object: LIBelt_typeStationAutoDynamics[UDT26]</Text>
  </Details>
  <Details ServiceId="80" MessageId="30" Timestamp="26.08.2021 08:43:18" Debug="false">
    <Text>Not invalidating fingerprints for library object: LIBelt_DataExchange[DB30700]</Text>
  </Details>
  <Details ServiceId="80" MessageId="30" Timestamp="26.08.2021 08:43:19" Debug="false">
    <Text>Not invalidating fingerprints for library object: LIBelt_Manager[FB30700]</Text>
  </Details>
  <Details ServiceId="80" MessageId="30" Timestamp="26.08.2021 08:43:20" Debug="false">
    <Text>Not invalidating fingerprints for library object: LIBelt_PatternStation[FB30703]</Text>
  </Details>
  <Details ServiceId="80" MessageId="30" Timestamp="26.08.2021 08:43:20" Debug="false">
    <Text>Not invalidating fingerprints for library object: LIBelt_SequentialStation[FB30702]</Text>
  </Details>
  <Details ServiceId="80" MessageId="30" Timestamp="26.08.2021 08:43:20" Debug="false">
    <Text>Not invalidating fingerprints for library object: LIBelt_SingleBelt[FB30701]</Text>
  </Details>
  <Details ServiceId="80" MessageId="30" Timestamp="26.08.2021 08:43:20" Debug="false">
    <Text>Not invalidating fingerprints for library object: LIBelt_VelocitySection[FB30704]</Text>
  </Details>
  <Details ServiceId="80" MessageId="30" Timestamp="26.08.2021 08:43:20" Debug="false">
    <Text>Not invalidating fingerprints for library object: LIBelt_CallLAxisCtrlFB[FC30700]</Text>
  </Details>
  <Details ServiceId="80" MessageId="30" Timestamp="26.08.2021 08:43:20" Debug="false">
    <Text>Not invalidating fingerprints for library object: LIBelt_CheckPositionsValid[FC30701]</Text>
  </Details>
  <Details ServiceId="80" MessageId="30" Timestamp="26.08.2021 08:43:20" Debug="false">
    <Text>Not invalidating fingerprints for library object: LIBelt_ConsiderModulo[FC30702]</Text>
  </Details>
  <Details ServiceId="80" MessageId="30" Timestamp="26.08.2021 08:43:20" Debug="false">
    <Text>Not invalidating fingerprints for library object: LIBelt_GetAxesHomedState[FC30703]</Text>
  </Details>
  <Details ServiceId="80" MessageId="30" Timestamp="26.08.2021 08:43:20" Debug="false">
    <Text>Not invalidating fingerprints for library object: LIBelt_GetAxisData[FC30704]</Text>
  </Details>
  <Details ServiceId="80" MessageId="30" Timestamp="26.08.2021 08:43:20" Debug="false">
    <Text>Not invalidating fingerprints for library object: LIBelt_GetAxisSetPointValues[FC30705]</Text>
  </Details>
  <Details ServiceId="80" MessageId="30" Timestamp="26.08.2021 08:43:20" Debug="false">
    <Text>Not invalidating fingerprints for library object: LIBelt_GetAxisStatusWord[FC30706]</Text>
  </Details>
  <Details ServiceId="80" MessageId="30" Timestamp="26.08.2021 08:43:20" Debug="false">
    <Text>Not invalidating fingerprints for library object: LIBelt_GetBeltsState[FC30707]</Text>
  </Details>
  <Details ServiceId="80" MessageId="30" Timestamp="26.08.2021 08:43:20" Debug="false">
    <Text>Not invalidating fingerprints for library object: LIBelt_PosInRange[FC30708]</Text>
  </Details>
  <Details ServiceId="80" MessageId="30" Timestamp="26.08.2021 08:43:20" Debug="false">
    <Text>Not invalidating fingerprints for library object: LIBelt_ErrorIDs</Text>
  </Details>
  <Details ServiceId="80" MessageId="30" Timestamp="26.08.2021 08:43:20" Debug="false">
    <Text>Not invalidating fingerprints for library object: LIBelt_Tags</Text>
  </Details>
  <Details ServiceId="80" MessageId="30" Timestamp="26.08.2021 08:43:20" Debug="false">
    <Text>Not invalidating fingerprints for library object: Standard-Variablentabelle</Text>
  </Details>
  <Details ServiceId="80" MessageId="30" Timestamp="26.08.2021 08:43:20" Debug="false">
    <Text>Not invalidating fingerprints for library object: Standard-Variablentabelle</Text>
  </Details>
  <Details ServiceId="80" MessageId="30" Timestamp="26.08.2021 08:43:20" Debug="false">
    <Text>Not invalidating fingerprints for library object: Standard-Variablentabelle</Text>
  </Details>
  <Details ServiceId="80" MessageId="30" Timestamp="26.08.2021 08:43:20" Debug="false">
    <Text>Not invalidating fingerprints for library object: Standard-Variablentabelle</Text>
  </Details>
  <Details ServiceId="80" MessageId="30" Timestamp="26.08.2021 08:43:20" Debug="false">
    <Text>Not invalidating fingerprints for library object: Standard-Variablentabelle</Text>
  </Details>
  <Details ServiceId="80" MessageId="30" Timestamp="26.08.2021 08:43:20" Debug="false">
    <Text>Not invalidating fingerprints for library object: Standard-Variablentabelle</Text>
  </Details>
  <Details ServiceId="80" MessageId="30" Timestamp="26.08.2021 08:43:20" Debug="false">
    <Text>Not invalidating fingerprints for library object: Standard-Variablentabelle</Text>
  </Details>
  <Details ServiceId="80" MessageId="30" Timestamp="26.08.2021 08:43:20" Debug="false">
    <Text>Not invalidating fingerprints for library object: Standard-Variablentabelle</Text>
  </Details>
  <Details ServiceId="80" MessageId="30" Timestamp="26.08.2021 08:43:20" Debug="false">
    <Text>Not invalidating fingerprints for library object: Standard-Variablentabelle</Text>
  </Details>
  <Details ServiceId="80" MessageId="30" Timestamp="26.08.2021 08:43:20" Debug="false">
    <Text>Not invalidating fingerprints for library object: Standard-Variablentabelle</Text>
  </Details>
  <Details ServiceId="80" MessageId="30" Timestamp="26.08.2021 08:43:20" Debug="false">
    <Text>Not invalidating fingerprints for library object: Standard-Variablentabelle</Text>
  </Details>
  <Details ServiceId="80" MessageId="30" Timestamp="26.08.2021 08:43:20" Debug="false">
    <Text>Not invalidating fingerprints for library object: Standard-Variablentabelle</Text>
  </Details>
  <Details ServiceId="80" MessageId="30" Timestamp="26.08.2021 08:43:20" Debug="false">
    <Text>Not invalidating fingerprints for library object: Standard-Variablentabelle</Text>
  </Details>
  <Details ServiceId="80" MessageId="30" Timestamp="26.08.2021 08:43:20" Debug="false">
    <Text>Not invalidating fingerprints for library object: Standard-Variablentabelle</Text>
  </Details>
  <Details ServiceId="80" MessageId="30" Timestamp="26.08.2021 08:43:20" Debug="false">
    <Text>Not invalidating fingerprints for library object: Standard-Variablentabelle</Text>
  </Details>
  <Details ServiceId="80" MessageId="30" Timestamp="26.08.2021 08:43:20" Debug="false">
    <Text>Not invalidating fingerprints for library object: Standard-Variablentabelle</Text>
  </Details>
  <Details ServiceId="80" MessageId="30" Timestamp="26.08.2021 08:43:20" Debug="false">
    <Text>Not invalidating fingerprints for library object: Standard-Variablentabelle</Text>
  </Details>
  <Details ServiceId="80" MessageId="30" Timestamp="26.08.2021 08:43:20" Debug="false">
    <Text>Not invalidating fingerprints for library object: Standard-Variablentabelle</Text>
  </Details>
  <Details ServiceId="80" MessageId="30" Timestamp="26.08.2021 08:43:20" Debug="false">
    <Text>Not invalidating fingerprints for library object: Standard-Variablentabelle</Text>
  </Details>
  <Details ServiceId="80" MessageId="30" Timestamp="26.08.2021 08:43:20" Debug="false">
    <Text>Not invalidating fingerprints for library object: Standard-Variablentabelle</Text>
  </Details>
  <Details ServiceId="80" MessageId="30" Timestamp="26.08.2021 08:43:20" Debug="false">
    <Text>Not invalidating fingerprints for library object: Standard-Variablentabelle</Text>
  </Details>
  <Details ServiceId="80" MessageId="30" Timestamp="26.08.2021 08:43:20" Debug="false">
    <Text>Not invalidating fingerprints for library object: Standard-Variablentabelle</Text>
  </Details>
  <Details ServiceId="80" MessageId="30" Timestamp="26.08.2021 08:43:20" Debug="false">
    <Text>Not invalidating fingerprints for library object: Standard-Variablentabelle</Text>
  </Details>
  <Details ServiceId="80" MessageId="30" Timestamp="26.08.2021 08:43:20" Debug="false">
    <Text>Not invalidating fingerprints for library object: Standard-Variablentabelle</Text>
  </Details>
  <Details ServiceId="80" MessageId="30" Timestamp="26.08.2021 08:43:20" Debug="false">
    <Text>Not invalidating fingerprints for library object: Standard-Variablentabelle</Text>
  </Details>
  <Details ServiceId="80" MessageId="30" Timestamp="26.08.2021 08:43:20" Debug="false">
    <Text>Not invalidating fingerprints for library object: Standard-Variablentabelle</Text>
  </Details>
  <Details ServiceId="80" MessageId="30" Timestamp="26.08.2021 08:43:20" Debug="false">
    <Text>Not invalidating fingerprints for library object: Standard-Variablentabelle</Text>
  </Details>
  <MessageCell ServiceId="80" MessageId="30" MessageClass="Information" Timestamp="26.08.2021 08:43:32">
    <Number ServiceNumber="80" MessageNumber="30" />
    <Text FeedbackText="Die Querverweisinformationen werden konvertiert." />
    <Help HelpId="-1" />
  </MessageCell>
  <MessageCell ServiceId="80" MessageId="30" MessageClass="Information" Timestamp="26.08.2021 08:43:33">
    <Number ServiceNumber="80" MessageNumber="30" />
    <Text FeedbackText="Die Querverweisinformationen wurden erfolgreich erstellt" />
    <Help HelpId="-1" />
  </MessageCell>
  <MessageCell ServiceId="80" MessageId="30" MessageClass="Information" Timestamp="26.08.2021 08:43:33">
    <Number ServiceNumber="80" MessageNumber="30" />
    <Text FeedbackText="Das Konvertieren der Querverweisinformationen ist beendet." />
    <Help HelpId="-1" />
  </MessageCell>
  <Details ServiceId="80" MessageId="30" Timestamp="26.08.2021 08:43:34" Debug="false">
    <Text>Package container 'Siemens.Simatic.Lang.S7PSW.V14.0.0.0.NonMandatory' was deleted</Text>
  </Details>
  <Details ServiceId="80" MessageId="30" Timestamp="26.08.2021 08:43:34" Debug="false">
    <Text>Product version 'Siemens.Simatic.STEP7.Professional:14.00.00.00' was deleted</Text>
  </Details>
  <Details ServiceId="80" MessageId="30" Timestamp="26.08.2021 08:43:34" Debug="false">
    <Text>Product version 'Siemens.Simatic.Portal:14.00.01.00' was deleted</Text>
  </Details>
  <MessageCell ServiceId="Automation-ObjectFrame-Feedbacks" MessageId="ConversionInfoTabLibrarySucceeded" MessageClass="Success" Timestamp="26.08.2021 08:43:36">
    <Number ServiceNumber="80" MessageNumber="32" />
    <Text FeedbackText="Bibliothek 'C:\UserData\z003wkzf\OneDrive - Siemens AG\Documents\Automation Designer\Intelligent Belt\3_TIA-Portal\LIBelt_V1_1_4\System\PEData.plf' wurde erfolgreich hochgerüstet und als Bibliothek 'C:\UserData\z003wkzf\OneDrive - Siemens AG\Documents\Automation Designer\Intelligent Belt\3_TIA-Portal\LIBelt_V1_1_4_V17\System\PEData.plf' gespeichert." />
    <Help HelpId="-1" HelpFile="" />
  </MessageCell>
  <MessageCell ServiceId="80" MessageId="30" MessageClass="Information" Timestamp="26.08.2021 08:43:37">
    <Number ServiceNumber="80" MessageNumber="30" />
    <Text FeedbackText="FinalCheckRemainingErrors" />
    <Help HelpId="-1" />
  </MessageCell>
  <Details ServiceId="80" MessageId="30" Timestamp="26.08.2021 08:43:37" Debug="false">
    <Text>No error is detected.</Text>
  </Details>
</LogFile>