<?xml version="1.0" encoding="utf-8"?>
<?xml-stylesheet type='text/xsl' href='ConversionLogFile.xsl'?>
<LogFile projectName="LIBelt_V1_1_4_V17_V18" typeText="Typ" messageText="Meldung" timeText="Zeit">
  <MessageCell ServiceId="80" MessageId="30" MessageClass="Information" Timestamp="01.12.2022 13:59:15">
    <Number ServiceNumber="80" MessageNumber="30" />
    <Text FeedbackText="Hochrüsten gestartet" />
    <Help HelpId="-1" />
  </MessageCell>
  <Details ServiceId="80" MessageId="30" Timestamp="01.12.2022 13:59:17" Debug="false">
    <Text>Reorganization succeed!</Text>
  </Details>
  <MessageCell ServiceId="80" MessageId="30" MessageClass="Information" Timestamp="01.12.2022 13:59:17">
    <Number ServiceNumber="80" MessageNumber="30" />
    <Text FeedbackText="CheckRepair lost+found objects" />
    <Help HelpId="-1" />
  </MessageCell>
  <Details ServiceId="80" MessageId="30" Timestamp="01.12.2022 13:59:17" Debug="false">
    <Text>No error is detected.</Text>
  </Details>
  <MessageCell ServiceId="80" MessageId="30" MessageClass="Information" Timestamp="01.12.2022 13:59:17">
    <Number ServiceNumber="80" MessageNumber="30" />
    <Text FeedbackText="CheckRepair missing bidirectional links" />
    <Help HelpId="-1" />
  </MessageCell>
  <Details ServiceId="80" MessageId="30" Timestamp="01.12.2022 13:59:18" Debug="false">
    <Text>No error is detected.</Text>
  </Details>
  <MessageCell ServiceId="80" MessageId="30" MessageClass="Information" Timestamp="01.12.2022 13:59:18">
    <Number ServiceNumber="80" MessageNumber="30" />
    <Text FeedbackText="CheckRepair clear segment flags" />
    <Help HelpId="-1" />
  </MessageCell>
  <Details ServiceId="80" MessageId="30" Timestamp="01.12.2022 13:59:18" Debug="false">
    <Text>No error is detected.</Text>
  </Details>
  <MessageCell ServiceId="80" MessageId="30" MessageClass="Information" Timestamp="01.12.2022 13:59:51">
    <Number ServiceNumber="80" MessageNumber="30" />
    <Text FeedbackText="C0010:1015 Repair 'Comment' for DeviceDataObject 'S71500/ET200MP station_1'. DeviceData is a Shell or ModuleDevice." />
    <Help HelpId="-1" />
  </MessageCell>
  <MessageCell ServiceId="80" MessageId="30" MessageClass="Information" Timestamp="01.12.2022 13:59:51">
    <Number ServiceNumber="80" MessageNumber="30" />
    <Text FeedbackText="C0010:1015 Repair 'Comment' for DeviceDataObject 'S71500/ET200MP station_1'. DeviceData is a Shell or ModuleDevice." />
    <Help HelpId="-1" />
  </MessageCell>
  <MessageCell ServiceId="80" MessageId="30" MessageClass="Information" Timestamp="01.12.2022 13:59:51">
    <Number ServiceNumber="80" MessageNumber="30" />
    <Text FeedbackText="C0010:1015 Repair 'Comment' for DeviceDataObject 'S71500/ET200MP station_1'. DeviceData is a Shell or ModuleDevice." />
    <Help HelpId="-1" />
  </MessageCell>
  <MessageCell ServiceId="80" MessageId="30" MessageClass="Information" Timestamp="01.12.2022 13:59:51">
    <Number ServiceNumber="80" MessageNumber="30" />
    <Text FeedbackText="C0010:1015 Repair 'Comment' for DeviceDataObject 'S71500/ET200MP station_1'. DeviceData is a Shell or ModuleDevice." />
    <Help HelpId="-1" />
  </MessageCell>
  <MessageCell ServiceId="80" MessageId="30" MessageClass="Information" Timestamp="01.12.2022 13:59:51">
    <Number ServiceNumber="80" MessageNumber="30" />
    <Text FeedbackText="C0010:1015 Repair 'Comment' for DeviceDataObject 'S71500/ET200MP station_1'. DeviceData is a Shell or ModuleDevice." />
    <Help HelpId="-1" />
  </MessageCell>
  <MessageCell ServiceId="80" MessageId="30" MessageClass="Information" Timestamp="01.12.2022 13:59:51">
    <Number ServiceNumber="80" MessageNumber="30" />
    <Text FeedbackText="C0010:1015 Repair 'Comment' for DeviceDataObject 'S71500/ET200MP station_1'. DeviceData is a Shell or ModuleDevice." />
    <Help HelpId="-1" />
  </MessageCell>
  <MessageCell ServiceId="80" MessageId="30" MessageClass="Information" Timestamp="01.12.2022 13:59:51">
    <Number ServiceNumber="80" MessageNumber="30" />
    <Text FeedbackText="C0010:1015 Repair 'Comment' for DeviceDataObject 'S71500/ET200MP station_1'. DeviceData is a Shell or ModuleDevice." />
    <Help HelpId="-1" />
  </MessageCell>
  <MessageCell ServiceId="80" MessageId="30" MessageClass="Information" Timestamp="01.12.2022 13:59:51">
    <Number ServiceNumber="80" MessageNumber="30" />
    <Text FeedbackText="C0010:1015 Repair 'Comment' for DeviceDataObject 'S71500/ET200MP station_1'. DeviceData is a Shell or ModuleDevice." />
    <Help HelpId="-1" />
  </MessageCell>
  <MessageCell ServiceId="80" MessageId="30" MessageClass="Information" Timestamp="01.12.2022 13:59:51">
    <Number ServiceNumber="80" MessageNumber="30" />
    <Text FeedbackText="C0010:1015 Repair 'Comment' for DeviceDataObject 'S71500/ET200MP station_1'. DeviceData is a Shell or ModuleDevice." />
    <Help HelpId="-1" />
  </MessageCell>
  <MessageCell ServiceId="80" MessageId="30" MessageClass="Information" Timestamp="01.12.2022 13:59:51">
    <Number ServiceNumber="80" MessageNumber="30" />
    <Text FeedbackText="C0010:1015 Repair 'Comment' for DeviceDataObject 'S71500/ET200MP station_1'. DeviceData is a Shell or ModuleDevice." />
    <Help HelpId="-1" />
  </MessageCell>
  <MessageCell ServiceId="80" MessageId="30" MessageClass="Information" Timestamp="01.12.2022 13:59:51">
    <Number ServiceNumber="80" MessageNumber="30" />
    <Text FeedbackText="C0010:1015 Repair 'Comment' for DeviceDataObject 'S71500/ET200MP station_1'. DeviceData is a Shell or ModuleDevice." />
    <Help HelpId="-1" />
  </MessageCell>
  <MessageCell ServiceId="80" MessageId="30" MessageClass="Information" Timestamp="01.12.2022 13:59:51">
    <Number ServiceNumber="80" MessageNumber="30" />
    <Text FeedbackText="C0010:1015 Repair 'Comment' for DeviceDataObject 'S71500/ET200MP station_1'. DeviceData is a Shell or ModuleDevice." />
    <Help HelpId="-1" />
  </MessageCell>
  <MessageCell ServiceId="80" MessageId="30" MessageClass="Information" Timestamp="01.12.2022 13:59:51">
    <Number ServiceNumber="80" MessageNumber="30" />
    <Text FeedbackText="C0010:1015 Repair 'Comment' for DeviceDataObject 'S71500/ET200MP station_1'. DeviceData is a Shell or ModuleDevice." />
    <Help HelpId="-1" />
  </MessageCell>
  <MessageCell ServiceId="80" MessageId="30" MessageClass="Information" Timestamp="01.12.2022 13:59:51">
    <Number ServiceNumber="80" MessageNumber="30" />
    <Text FeedbackText="C0010:1015 Repair 'Comment' for DeviceDataObject 'S71500/ET200MP station_1'. DeviceData is a Shell or ModuleDevice." />
    <Help HelpId="-1" />
  </MessageCell>
  <MessageCell ServiceId="80" MessageId="30" MessageClass="Information" Timestamp="01.12.2022 13:59:51">
    <Number ServiceNumber="80" MessageNumber="30" />
    <Text FeedbackText="C0010:1015 Repair 'Comment' for DeviceDataObject 'S71500/ET200MP station_1'. DeviceData is a Shell or ModuleDevice." />
    <Help HelpId="-1" />
  </MessageCell>
  <MessageCell ServiceId="80" MessageId="30" MessageClass="Information" Timestamp="01.12.2022 13:59:51">
    <Number ServiceNumber="80" MessageNumber="30" />
    <Text FeedbackText="C0010:1015 Repair 'Comment' for DeviceDataObject 'S71500/ET200MP station_1'. DeviceData is a Shell or ModuleDevice." />
    <Help HelpId="-1" />
  </MessageCell>
  <MessageCell ServiceId="80" MessageId="30" MessageClass="Information" Timestamp="01.12.2022 13:59:51">
    <Number ServiceNumber="80" MessageNumber="30" />
    <Text FeedbackText="C0010:1015 Repair 'Comment' for DeviceDataObject 'S71500/ET200MP station_1'. DeviceData is a Shell or ModuleDevice." />
    <Help HelpId="-1" />
  </MessageCell>
  <MessageCell ServiceId="80" MessageId="30" MessageClass="Information" Timestamp="01.12.2022 13:59:51">
    <Number ServiceNumber="80" MessageNumber="30" />
    <Text FeedbackText="C0010:1015 Repair 'Comment' for DeviceDataObject 'S71500/ET200MP station_1'. DeviceData is a Shell or ModuleDevice." />
    <Help HelpId="-1" />
  </MessageCell>
  <MessageCell ServiceId="80" MessageId="30" MessageClass="Information" Timestamp="01.12.2022 13:59:51">
    <Number ServiceNumber="80" MessageNumber="30" />
    <Text FeedbackText="C0010:1015 Repair 'Comment' for DeviceDataObject 'S71500/ET200MP station_1'. DeviceData is a Shell or ModuleDevice." />
    <Help HelpId="-1" />
  </MessageCell>
  <MessageCell ServiceId="80" MessageId="30" MessageClass="Information" Timestamp="01.12.2022 13:59:51">
    <Number ServiceNumber="80" MessageNumber="30" />
    <Text FeedbackText="C0010:1015 Repair 'Comment' for DeviceDataObject 'S71500/ET200MP station_1'. DeviceData is a Shell or ModuleDevice." />
    <Help HelpId="-1" />
  </MessageCell>
  <MessageCell ServiceId="80" MessageId="30" MessageClass="Information" Timestamp="01.12.2022 13:59:51">
    <Number ServiceNumber="80" MessageNumber="30" />
    <Text FeedbackText="C0010:1015 Repair 'Comment' for DeviceDataObject 'S71500/ET200MP station_1'. DeviceData is a Shell or ModuleDevice." />
    <Help HelpId="-1" />
  </MessageCell>
  <MessageCell ServiceId="80" MessageId="30" MessageClass="Information" Timestamp="01.12.2022 13:59:51">
    <Number ServiceNumber="80" MessageNumber="30" />
    <Text FeedbackText="C0010:1015 Repair 'Comment' for DeviceDataObject 'S71500/ET200MP station_1'. DeviceData is a Shell or ModuleDevice." />
    <Help HelpId="-1" />
  </MessageCell>
  <MessageCell ServiceId="80" MessageId="30" MessageClass="Information" Timestamp="01.12.2022 13:59:51">
    <Number ServiceNumber="80" MessageNumber="30" />
    <Text FeedbackText="C0010:1015 Repair 'Comment' for DeviceDataObject 'S71500/ET200MP station_1'. DeviceData is a Shell or ModuleDevice." />
    <Help HelpId="-1" />
  </MessageCell>
  <MessageCell ServiceId="80" MessageId="30" MessageClass="Information" Timestamp="01.12.2022 13:59:51">
    <Number ServiceNumber="80" MessageNumber="30" />
    <Text FeedbackText="C0010:1015 Repair 'Comment' for DeviceDataObject 'S71500/ET200MP station_1'. DeviceData is a Shell or ModuleDevice." />
    <Help HelpId="-1" />
  </MessageCell>
  <MessageCell ServiceId="80" MessageId="30" MessageClass="Information" Timestamp="01.12.2022 13:59:51">
    <Number ServiceNumber="80" MessageNumber="30" />
    <Text FeedbackText="C0010:1015 Repair 'Comment' for DeviceDataObject 'S71500/ET200MP station_1'. DeviceData is a Shell or ModuleDevice." />
    <Help HelpId="-1" />
  </MessageCell>
  <MessageCell ServiceId="80" MessageId="30" MessageClass="Information" Timestamp="01.12.2022 13:59:51">
    <Number ServiceNumber="80" MessageNumber="30" />
    <Text FeedbackText="C0010:1015 Repair 'Comment' for DeviceDataObject 'S71500/ET200MP station_1'. DeviceData is a Shell or ModuleDevice." />
    <Help HelpId="-1" />
  </MessageCell>
  <MessageCell ServiceId="80" MessageId="30" MessageClass="Information" Timestamp="01.12.2022 13:59:51">
    <Number ServiceNumber="80" MessageNumber="30" />
    <Text FeedbackText="C0010:1015 Repair 'Comment' for DeviceDataObject 'S71500/ET200MP station_1'. DeviceData is a Shell or ModuleDevice." />
    <Help HelpId="-1" />
  </MessageCell>
  <MessageCell ServiceId="80" MessageId="30" MessageClass="Information" Timestamp="01.12.2022 13:59:51">
    <Number ServiceNumber="80" MessageNumber="30" />
    <Text FeedbackText="C0010:1015 Repair 'Comment' for DeviceDataObject 'S71500/ET200MP station_1'. DeviceData is a Shell or ModuleDevice." />
    <Help HelpId="-1" />
  </MessageCell>
  <MessageCell ServiceId="80" MessageId="30" MessageClass="Information" Timestamp="01.12.2022 13:59:51">
    <Number ServiceNumber="80" MessageNumber="30" />
    <Text FeedbackText="C0010:1015 Repair 'Comment' for DeviceDataObject 'S71500/ET200MP station_1'. DeviceData is a Shell or ModuleDevice." />
    <Help HelpId="-1" />
  </MessageCell>
  <MessageCell ServiceId="80" MessageId="30" MessageClass="Information" Timestamp="01.12.2022 14:00:11">
    <Number ServiceNumber="80" MessageNumber="30" />
    <Text FeedbackText="Die Querverweisinformationen werden konvertiert." />
    <Help HelpId="-1" />
  </MessageCell>
  <MessageCell ServiceId="80" MessageId="30" MessageClass="Information" Timestamp="01.12.2022 14:00:12">
    <Number ServiceNumber="80" MessageNumber="30" />
    <Text FeedbackText="Die Querverweisinformationen wurden erfolgreich erstellt" />
    <Help HelpId="-1" />
  </MessageCell>
  <MessageCell ServiceId="80" MessageId="30" MessageClass="Information" Timestamp="01.12.2022 14:00:12">
    <Number ServiceNumber="80" MessageNumber="30" />
    <Text FeedbackText="Das Konvertieren der Querverweisinformationen ist beendet." />
    <Help HelpId="-1" />
  </MessageCell>
  <Details ServiceId="80" MessageId="30" Timestamp="01.12.2022 14:00:13" Debug="false">
    <Text>Package container 'Siemens.Simatic.Lang.S7PSW.V17.0.0.0.NonMandatory' was deleted</Text>
  </Details>
  <Details ServiceId="80" MessageId="30" Timestamp="01.12.2022 14:00:13" Debug="false">
    <Text>Product version 'Siemens.Simatic.STEP7.Professional:17.00.00.00' was deleted</Text>
  </Details>
  <MessageCell ServiceId="Automation-ObjectFrame-Feedbacks" MessageId="ConversionInfoTabLibrarySucceeded" MessageClass="Success" Timestamp="01.12.2022 14:00:13">
    <Number ServiceNumber="80" MessageNumber="32" />
    <Text FeedbackText="Bibliothek 'C:\UserData\z003wkzf\OneDrive - Siemens AG\Documents\Automation Designer\Intelligent Belt\3_TIA-Portal\LIBelt_V1_1_4_V17\System\PEData.plf' wurde erfolgreich hochgerüstet und als Bibliothek 'C:\UserData\z003wkzf\OneDrive - Siemens AG\Documents\Automation Designer\Intelligent Belt\3_TIA-Portal\LIBelt_V1_1_4_V17_V18\System\PEData.plf' gespeichert." />
    <Help HelpId="-1" HelpFile="" />
  </MessageCell>
  <MessageCell ServiceId="80" MessageId="30" MessageClass="Information" Timestamp="01.12.2022 14:00:14">
    <Number ServiceNumber="80" MessageNumber="30" />
    <Text FeedbackText="FinalCheckRemainingErrors" />
    <Help HelpId="-1" />
  </MessageCell>
  <Details ServiceId="80" MessageId="30" Timestamp="01.12.2022 14:00:14" Debug="false">
    <Text>No error is detected.</Text>
  </Details>
</LogFile>