<?xml version="1.0" encoding="utf-8"?>
<?xml-stylesheet type='text/xsl' href='ConversionLogFile.xsl'?>
<LogFile projectName="LIBelt_V1_1_4_V17_V18_V19" typeText="Typ" messageText="Meldung" timeText="Zeit">
  <MessageCell ServiceId="80" MessageId="30" MessageClass="Information" Timestamp="16.01.2024 14:51:40">
    <Number ServiceNumber="80" MessageNumber="30" />
    <Text FeedbackText="Hochrüsten gestartet" />
    <Help HelpId="-1" />
  </MessageCell>
  <Details ServiceId="80" MessageId="30" Timestamp="16.01.2024 14:51:42" Debug="false">
    <Text>Reorganization succeed!</Text>
  </Details>
  <MessageCell ServiceId="80" MessageId="30" MessageClass="Information" Timestamp="16.01.2024 14:51:43">
    <Number ServiceNumber="80" MessageNumber="30" />
    <Text FeedbackText="CheckRepair lost+found objects" />
    <Help HelpId="-1" />
  </MessageCell>
  <Details ServiceId="80" MessageId="30" Timestamp="16.01.2024 14:51:43" Debug="false">
    <Text>No error is detected.</Text>
  </Details>
  <MessageCell ServiceId="80" MessageId="30" MessageClass="Information" Timestamp="16.01.2024 14:51:43">
    <Number ServiceNumber="80" MessageNumber="30" />
    <Text FeedbackText="CheckRepair missing bidirectional links" />
    <Help HelpId="-1" />
  </MessageCell>
  <Details ServiceId="80" MessageId="30" Timestamp="16.01.2024 14:51:44" Debug="false">
    <Text>No error is detected.</Text>
  </Details>
  <MessageCell ServiceId="80" MessageId="30" MessageClass="Information" Timestamp="16.01.2024 14:51:44">
    <Number ServiceNumber="80" MessageNumber="30" />
    <Text FeedbackText="CheckRepair clear segment flags" />
    <Help HelpId="-1" />
  </MessageCell>
  <Details ServiceId="80" MessageId="30" Timestamp="16.01.2024 14:51:44" Debug="false">
    <Text>No error is detected.</Text>
  </Details>
  <MessageCell ServiceId="80" MessageId="30" MessageClass="Information" Timestamp="16.01.2024 14:52:29">
    <Number ServiceNumber="80" MessageNumber="30" />
    <Text FeedbackText="Die Querverweisinformationen werden konvertiert." />
    <Help HelpId="-1" />
  </MessageCell>
  <MessageCell ServiceId="80" MessageId="30" MessageClass="Information" Timestamp="16.01.2024 14:52:32">
    <Number ServiceNumber="80" MessageNumber="30" />
    <Text FeedbackText="Die Querverweisinformationen wurden erfolgreich erstellt" />
    <Help HelpId="-1" />
  </MessageCell>
  <MessageCell ServiceId="80" MessageId="30" MessageClass="Information" Timestamp="16.01.2024 14:52:32">
    <Number ServiceNumber="80" MessageNumber="30" />
    <Text FeedbackText="Das Konvertieren der Querverweisinformationen ist beendet." />
    <Help HelpId="-1" />
  </MessageCell>
  <Details ServiceId="80" MessageId="30" Timestamp="16.01.2024 14:52:33" Debug="false">
    <Text>Package container 'Siemens.Simatic.Lang.S7PSW.V18.0.1.0.NonMandatory' was deleted</Text>
  </Details>
  <Details ServiceId="80" MessageId="30" Timestamp="16.01.2024 14:52:33" Debug="false">
    <Text>Product version 'Siemens.Simatic.STEP7.Professional:18.00.01.00' was deleted</Text>
  </Details>
  <Details ServiceId="80" MessageId="30" Timestamp="16.01.2024 14:52:33" Debug="false">
    <Text>Product version 'Siemens.Simatic.Portal:18.00.01.00' was deleted</Text>
  </Details>
  <MessageCell ServiceId="Automation-ObjectFrame-Feedbacks" MessageId="ConversionInfoTabLibrarySucceeded" MessageClass="Success" Timestamp="16.01.2024 14:52:34">
    <Number ServiceNumber="80" MessageNumber="32" />
    <Text FeedbackText="Bibliothek 'C:\Users\z003wkzf\OneDrive - Siemens AG\Documents\Automation Designer\Intelligent Belt\3_TIA-Portal\LIBelt_V1_1_4_V17_V18\System\PEData.plf' wurde erfolgreich hochgerüstet und als Bibliothek 'C:\Users\z003wkzf\OneDrive - Siemens AG\Documents\Automation Designer\Intelligent Belt\3_TIA-Portal\LIBelt_V1_1_4_V17_V18_V19\System\PEData.plf' gespeichert." />
    <Help HelpId="-1" HelpFile="" />
  </MessageCell>
  <MessageCell ServiceId="80" MessageId="30" MessageClass="Information" Timestamp="16.01.2024 14:52:34">
    <Number ServiceNumber="80" MessageNumber="30" />
    <Text FeedbackText="FinalCheckRemainingErrors" />
    <Help HelpId="-1" />
  </MessageCell>
  <Details ServiceId="80" MessageId="30" Timestamp="16.01.2024 14:52:34" Debug="false">
    <Text>No error is detected.</Text>
  </Details>
</LogFile>