OrderNumber;Version;Type;Name;DeviceName
6ES7 211-1BD30-0XB0;V2.0;;Name_1;DeviceName_1
6SL3040-1MA00-0Axx;V4.8;G130;Name_2;DeviceName_2
6SL3040-1MA00-0Axx;V4.8;G150;Name_3;DeviceName_3
6SL3040-1LA01-0Axx;V4.8;S120;Name_4;DeviceName_4
6SL3040-1MA00-0Axx;V5.2.3;S150;Name_5;DeviceName_5
6SL5610-1BB10-4AFx;V6.3;S200;Name_6;DeviceName_6
6SL3210-5HB10-1xFx;V5.2.3;S210;Name_7;DeviceName_7
6SL3040-1MA00-0Axx;V4.8.2;MV;Name_8;DeviceName_8
6ES7 511-1AK00-0AB0;V1.8;;Name_9;DeviceName_9
6ES7 517-3UP00-0AB0;V3.1;;Name_10;DeviceName_10
